[
null,
{"id":1,"list":[{"code":221,"indent":0,"parameters":[]},{"code":101,"indent":0,"parameters":["yaya1",1,1,1]},{"code":401,"indent":0,"parameters":["（我给丫丫讲了怎么解题）"]},{"code":401,"indent":0,"parameters":["图丫丫：原来是这样……丫丫明白了！这里"]},{"code":401,"indent":0,"parameters":["填4！\\N[1]真厉害！"]},{"code":101,"indent":0,"parameters":["",0,1,1]},{"code":401,"indent":0,"parameters":["吱呀——是门打开的的声音。"]},{"code":230,"indent":0,"parameters":[120]},{"code":101,"indent":0,"parameters":["yaya1",1,1,1]},{"code":401,"indent":0,"parameters":["图丫丫：爸爸！马伯伯！爸爸看！是\\N[1]帮"]},{"code":401,"indent":0,"parameters":["我解出来的！\\N[1]真厉害！"]},{"code":101,"indent":0,"parameters":["tuhengyu1",1,1,1]},{"code":401,"indent":0,"parameters":["图恒宇：那丫丫有没有谢谢\\N[1]呀？"]},{"code":101,"indent":0,"parameters":["yaya1",1,1,1]},{"code":401,"indent":0,"parameters":["图丫丫：谢谢\\N[1]!是冰激淋！我们一起吃！"]},{"code":401,"indent":0,"parameters":["（她从图恒宇拎着的袋子里拿出一支雪糕递给我）"]},{"code":222,"indent":0,"parameters":[]},{"code":231,"indent":0,"parameters":[1,"ending1",0,0,0,0,100,100,255,0]},{"code":101,"indent":0,"parameters":["mazhao1",1,1,1]},{"code":401,"indent":0,"parameters":["“还算不错。”我听见马老师这么说。"]},{"code":401,"indent":0,"parameters":[""]},{"code":401,"indent":0,"parameters":["达成结局2：你完成了丫丫的数独挑战"]},{"code":101,"indent":0,"parameters":["",0,1,1]},{"code":401,"indent":0,"parameters":["根据MOSS对您的观测，您的算力已达到\\N[2]级别。"]},{"code":401,"indent":0,"parameters":["MOSS将持续观察您的迭代情况，祝您度过愉快的一天。"]},{"code":353,"indent":0,"parameters":[]},{"code":0,"indent":0,"parameters":[]}],"name":"答对啦","switchId":1,"trigger":0},
{"id":2,"list":[{"code":221,"indent":0,"parameters":[]},{"code":101,"indent":0,"parameters":["yaya1",5,1,1]},{"code":401,"indent":0,"parameters":["图丫丫：？\\N[1]，我觉得不对呀……数独不是"]},{"code":401,"indent":0,"parameters":["这样填的，这样不符合规则呀？"]},{"code":101,"indent":0,"parameters":["",0,1,1]},{"code":401,"indent":0,"parameters":["吱呀——是门打开的的声音。"]},{"code":230,"indent":0,"parameters":[120]},{"code":101,"indent":0,"parameters":["tuhengyu1",1,1,1]},{"code":401,"indent":0,"parameters":["图恒宇：丫丫，在和\\N[1]做什么呀？"]},{"code":101,"indent":0,"parameters":["yaya1",3,1,1]},{"code":401,"indent":0,"parameters":["图丫丫：爸爸！马伯伯！我们在做数独，可是"]},{"code":401,"indent":0,"parameters":["好像\\N[1]做的不太对，数独不是这样填的呀!"]},{"code":101,"indent":0,"parameters":["mazhao1",0,1,1]},{"code":401,"indent":0,"parameters":["马兆拿过了图丫丫的数独看着……"]},{"code":101,"indent":0,"parameters":["tuhengyu1",3,1,1]},{"code":401,"indent":0,"parameters":["图恒宇：？！马老师冷静啊！冇打人啊！"]},{"code":401,"indent":0,"parameters":["（他试图拉住向我走来的马老师）"]},{"code":401,"indent":0,"parameters":["笨笨！快来帮忙！"]},{"code":101,"indent":0,"parameters":["",0,1,1]},{"code":401,"indent":0,"parameters":["笨笨：(;° ロ°) "]},{"code":101,"indent":0,"parameters":["yaya1",2,1,1]},{"code":401,"indent":0,"parameters":["图丫丫：马伯伯！老师说不可以打架！打架"]},{"code":401,"indent":0,"parameters":["不是好孩子！"]},{"code":222,"indent":0,"parameters":[]},{"code":231,"indent":0,"parameters":[1,"ending3",0,0,0,0,100,100,255,0]},{"code":101,"indent":0,"parameters":["mazhao1",4,1,1]},{"code":401,"indent":0,"parameters":["达成结局3：马老师，这题填4吗？"]},{"code":401,"indent":0,"parameters":["——我看你像个4！"]},{"code":353,"indent":0,"parameters":[]},{"code":0,"indent":0,"parameters":[]}],"name":"马老师生气","switchId":1,"trigger":0},
{"id":3,"list":[{"code":0,"indent":0,"parameters":[]}],"name":"","switchId":1,"trigger":0},
{"id":4,"list":[{"code":0,"indent":0,"parameters":[]}],"name":"","switchId":1,"trigger":0}
]