{
"autoplayBgm":false,"autoplayBgs":false,"battleback1Name":"","battleback2Name":"","bgm":{"name":"","pan":0,"pitch":100,"volume":90},"bgs":{"name":"","pan":0,"pitch":100,"volume":90},"disableDashing":false,"displayName":"","encounterList":[],"encounterStep":30,"height":11,"note":"","parallaxLoopX":false,"parallaxLoopY":false,"parallaxName":"","parallaxShow":true,"parallaxSx":0,"parallaxSy":0,"scrollType":0,"specifyBattleback":false,"tilesetId":7,"width":11,
"data":[5892,5916,5916,5916,5916,5916,5916,5916,5916,5916,5896,5912,6562,6562,6562,6562,6562,6562,6562,6562,6562,5904,5912,6568,6568,6568,6568,6568,6568,6568,6568,6568,5904,5912,3378,3364,3364,3364,3364,3364,3364,3364,3380,5904,5912,3360,3344,3344,3344,3344,3344,3344,3344,3368,5904,5912,3360,3344,3344,3344,3344,3344,3344,3344,3368,5904,5912,3360,3344,3344,3344,3344,3344,3344,3344,3368,5904,5912,3360,3344,3344,3344,3344,3344,3344,3344,3368,5904,5912,3360,3344,3344,3344,3344,3344,3344,3344,3368,5904,5912,3384,3372,3372,3372,3372,3372,3372,3372,3382,5904,5890,5908,5908,5908,5908,5908,5908,5908,5908,5908,5889,0,0,0,0,0,0,0,0,0,0,0,0,0,0,0,0,0,0,0,0,0,0,0,0,0,0,0,0,0,0,0,0,0,0,0,0,0,0,0,0,0,0,0,0,0,0,0,0,0,0,0,0,0,0,0,0,0,0,0,0,0,0,0,0,0,0,0,0,0,0,0,0,0,0,0,0,0,0,0,0,0,0,0,0,0,0,0,0,0,0,0,0,0,0,0,0,0,0,0,0,0,0,0,0,0,0,0,0,0,0,0,0,0,0,0,0,0,0,0,0,0,0,0,0,0,0,0,0,0,0,0,0,0,0,0,0,0,0,0,0,0,0,0,0,0,0,298,0,0,0,0,0,0,0,0,0,105,0,0,0,0,0,0,0,0,0,0,0,0,0,0,0,0,0,0,0,0,0,0,0,0,0,0,0,0,0,0,0,0,0,0,601,602,0,0,17,18,0,0,0,0,0,609,0,0,0,25,26,0,0,0,0,0,0,0,0,0,0,0,0,0,0,0,0,0,0,0,0,0,0,0,0,0,0,0,0,0,0,0,0,0,0,0,0,0,0,0,0,0,0,0,0,0,0,88,89,0,784,807,0,424,425,426,0,0,96,97,316,792,815,0,432,433,434,0,0,104,331,306,0,0,0,0,56,57,0,0,112,113,0,0,676,0,0,64,65,0,0,0,0,0,682,684,0,0,0,0,0,0,0,0,600,387,692,603,16,960,190,0,0,0,0,608,395,610,611,24,968,198,0,0,0,0,616,617,618,619,0,0,0,0,0,418,419,0,0,0,0,0,0,0,0,0,0,0,0,0,0,0,0,0,0,0,0,0,0,0,0,0,0,0,0,0,0,0,0,0,0,0,0,0,0,0,0,0,0,0,0,0,0,0,0,0,0,0,0,0,5,0,0,0,0,0,0,0,0,0,0,5,0,0,0,0,0,0,0,0,0,0,5,0,0,0,0,0,0,0,0,0,0,5,0,0,0,0,0,0,0,0,0,0,5,0,0,0,0,0,0,0,0,0,0,5,0,0,0,0,0,0,0,0,0,0,5,0,0,0,0,0,0,0,0,0,0,0,0,0,0,0,0,0,0,0,0,0,0,0,0,0,0,0,0,0,0,0,0,0,0,0,0,0,0,0,0,0,0,0,0,0,0,0,0,0,0,0,0,0,0,0,0,0,0,0,0,0,0,0,0,0,0,0,0,0,0,0,0,0,0,0,0,0,0,0,0,0,0,0,0,0,0,0,0,0,0,0,0,0,0,0,0,0,0,0,0,0,0,0,0,0,0,0,0,0,0,0,0,0,0,0,0,0,0,0,0,0,0,0,0,0,0,0,0,0,0,0,0,0,0,0,0,0,0,0,0,0],
"events":[
null,
{"id":1,"name":"EV001","note":"","pages":[{"conditions":{"actorId":1,"actorValid":false,"itemId":1,"itemValid":false,"selfSwitchCh":"A","selfSwitchValid":false,"switch1Id":1,"switch1Valid":false,"switch2Id":1,"switch2Valid":false,"variableId":1,"variableValid":false,"variableValue":0},"directionFix":false,"image":{"tileId":0,"characterName":"!Small_doors_and_others","direction":2,"pattern":0,"characterIndex":1},"list":[{"code":0,"indent":0,"parameters":[]}],"moveFrequency":3,"moveRoute":{"list":[{"code":0,"parameters":[]}],"repeat":true,"skippable":false,"wait":false},"moveSpeed":3,"moveType":0,"priorityType":1,"stepAnime":false,"through":false,"trigger":0,"walkAnime":true}],"x":5,"y":2},
{"id":2,"name":"和丫丫打个招呼","note":"","pages":[{"conditions":{"actorId":1,"actorValid":false,"itemId":1,"itemValid":false,"selfSwitchCh":"A","selfSwitchValid":false,"switch1Id":1,"switch1Valid":false,"switch2Id":1,"switch2Valid":false,"variableId":1,"variableValid":false,"variableValue":0},"directionFix":false,"image":{"tileId":0,"characterName":"!Characters_book_1","direction":2,"pattern":1,"characterIndex":5},"list":[{"code":101,"indent":0,"parameters":["yaya1",0,1,1]},{"code":401,"indent":0,"parameters":["图丫丫：你好呀……"]},{"code":102,"indent":0,"parameters":[["是大哥哥哦","是大姐姐哦"],1,0,2,0]},{"code":402,"indent":0,"parameters":[0,"是大哥哥哦"]},{"code":320,"indent":1,"parameters":[1,"哥哥"]},{"code":101,"indent":1,"parameters":["yaya1",0,1,1]},{"code":401,"indent":1,"parameters":["图丫丫：大哥哥好，我叫图丫丫。你是来找"]},{"code":401,"indent":1,"parameters":["爸爸的吗？但是爸爸出去了，丫丫正在做题，"]},{"code":401,"indent":1,"parameters":["这道题好难呀，哥哥可以帮帮我吗？"]},{"code":102,"indent":1,"parameters":[["好呀","但我拒绝"],1,0,2,0]},{"code":402,"indent":1,"parameters":[0,"好呀"]},{"code":101,"indent":2,"parameters":["yaya1",1,1,1]},{"code":401,"indent":2,"parameters":["图丫丫：谢谢哥哥！你看，是这道题！"]},{"code":122,"indent":2,"parameters":[3,3,0,2,0,5]},{"code":111,"indent":2,"parameters":[1,3,0,0,0]},{"code":201,"indent":3,"parameters":[0,5,6,6,0,0]},{"code":0,"indent":3,"parameters":[]},{"code":411,"indent":2,"parameters":[]},{"code":111,"indent":3,"parameters":[1,3,0,1,0]},{"code":201,"indent":4,"parameters":[0,3,6,5,0,0]},{"code":0,"indent":4,"parameters":[]},{"code":411,"indent":3,"parameters":[]},{"code":111,"indent":4,"parameters":[1,3,0,2,0]},{"code":201,"indent":5,"parameters":[0,2,5,5,0,0]},{"code":0,"indent":5,"parameters":[]},{"code":411,"indent":4,"parameters":[]},{"code":111,"indent":5,"parameters":[1,3,0,3,0]},{"code":201,"indent":6,"parameters":[0,4,6,5,0,0]},{"code":0,"indent":6,"parameters":[]},{"code":411,"indent":5,"parameters":[]},{"code":111,"indent":6,"parameters":[1,3,0,4,0]},{"code":201,"indent":7,"parameters":[0,6,8,6,0,0]},{"code":0,"indent":7,"parameters":[]},{"code":411,"indent":6,"parameters":[]},{"code":201,"indent":7,"parameters":[0,7,6,6,0,0]},{"code":0,"indent":7,"parameters":[]},{"code":412,"indent":6,"parameters":[]},{"code":0,"indent":6,"parameters":[]},{"code":412,"indent":5,"parameters":[]},{"code":0,"indent":5,"parameters":[]},{"code":412,"indent":4,"parameters":[]},{"code":0,"indent":4,"parameters":[]},{"code":412,"indent":3,"parameters":[]},{"code":0,"indent":3,"parameters":[]},{"code":412,"indent":2,"parameters":[]},{"code":0,"indent":2,"parameters":[]},{"code":402,"indent":1,"parameters":[1,"但我拒绝"]},{"code":213,"indent":2,"parameters":[0,5,false]},{"code":230,"indent":2,"parameters":[120]},{"code":101,"indent":2,"parameters":["yaya1",4,1,1]},{"code":401,"indent":2,"parameters":["图丫丫：哇————你是坏人！爸爸！你在哪呀？"]},{"code":401,"indent":2,"parameters":["这里有个奇怪的人，我要妈妈！"]},{"code":221,"indent":2,"parameters":[]},{"code":101,"indent":2,"parameters":["yaya1",4,1,1]},{"code":401,"indent":2,"parameters":["干嘛对小朋友这么凶？！"]},{"code":401,"indent":2,"parameters":[""]},{"code":401,"indent":2,"parameters":["达成结局1：你是大坏蛋！"]},{"code":353,"indent":2,"parameters":[]},{"code":0,"indent":2,"parameters":[]},{"code":404,"indent":1,"parameters":[]},{"code":0,"indent":1,"parameters":[]},{"code":402,"indent":0,"parameters":[1,"是大姐姐哦"]},{"code":320,"indent":1,"parameters":[1,"姐姐"]},{"code":101,"indent":1,"parameters":["yaya1",0,1,1]},{"code":401,"indent":1,"parameters":["图丫丫：大姐姐好，我叫图丫丫。你是来找"]},{"code":401,"indent":1,"parameters":["爸爸的吗？但是爸爸出去了，丫丫正在做题，"]},{"code":401,"indent":1,"parameters":["这道题好难呀，姐姐可以帮帮我吗？"]},{"code":102,"indent":1,"parameters":[["好呀","但我拒绝"],1,0,2,0]},{"code":402,"indent":1,"parameters":[0,"好呀"]},{"code":101,"indent":2,"parameters":["yaya1",0,1,1]},{"code":401,"indent":2,"parameters":["图丫丫：谢谢姐姐！你看，是这道题！"]},{"code":122,"indent":2,"parameters":[3,3,0,2,0,5]},{"code":111,"indent":2,"parameters":[1,3,0,0,0]},{"code":201,"indent":3,"parameters":[0,5,6,6,0,0]},{"code":0,"indent":3,"parameters":[]},{"code":411,"indent":2,"parameters":[]},{"code":111,"indent":3,"parameters":[1,3,0,1,0]},{"code":201,"indent":4,"parameters":[0,3,6,5,0,0]},{"code":0,"indent":4,"parameters":[]},{"code":411,"indent":3,"parameters":[]},{"code":111,"indent":4,"parameters":[1,3,0,2,0]},{"code":201,"indent":5,"parameters":[0,2,5,5,0,0]},{"code":0,"indent":5,"parameters":[]},{"code":411,"indent":4,"parameters":[]},{"code":111,"indent":5,"parameters":[1,3,0,3,0]},{"code":201,"indent":6,"parameters":[0,4,6,5,0,0]},{"code":0,"indent":6,"parameters":[]},{"code":411,"indent":5,"parameters":[]},{"code":111,"indent":6,"parameters":[1,3,0,4,0]},{"code":201,"indent":7,"parameters":[0,6,8,6,0,0]},{"code":0,"indent":7,"parameters":[]},{"code":411,"indent":6,"parameters":[]},{"code":201,"indent":7,"parameters":[0,7,6,6,0,0]},{"code":0,"indent":7,"parameters":[]},{"code":412,"indent":6,"parameters":[]},{"code":0,"indent":6,"parameters":[]},{"code":412,"indent":5,"parameters":[]},{"code":0,"indent":5,"parameters":[]},{"code":412,"indent":4,"parameters":[]},{"code":0,"indent":4,"parameters":[]},{"code":412,"indent":3,"parameters":[]},{"code":0,"indent":3,"parameters":[]},{"code":412,"indent":2,"parameters":[]},{"code":0,"indent":2,"parameters":[]},{"code":402,"indent":1,"parameters":[1,"但我拒绝"]},{"code":213,"indent":2,"parameters":[0,5,false]},{"code":230,"indent":2,"parameters":[120]},{"code":101,"indent":2,"parameters":["yaya1",4,1,1]},{"code":401,"indent":2,"parameters":["图丫丫：哇————你是坏人！爸爸！你在哪呀？"]},{"code":401,"indent":2,"parameters":["这里有个奇怪的人，我要妈妈！"]},{"code":221,"indent":2,"parameters":[]},{"code":101,"indent":2,"parameters":["yaya1",4,1,1]},{"code":401,"indent":2,"parameters":["干嘛对小朋友这么凶？！"]},{"code":401,"indent":2,"parameters":[""]},{"code":401,"indent":2,"parameters":["达成结局1：你是大坏蛋！"]},{"code":353,"indent":2,"parameters":[]},{"code":0,"indent":2,"parameters":[]},{"code":404,"indent":1,"parameters":[]},{"code":0,"indent":1,"parameters":[]},{"code":404,"indent":0,"parameters":[]},{"code":0,"indent":0,"parameters":[]}],"moveFrequency":3,"moveRoute":{"list":[{"code":0,"parameters":[]}],"repeat":true,"skippable":false,"wait":false},"moveSpeed":3,"moveType":0,"priorityType":1,"stepAnime":false,"through":false,"trigger":0,"walkAnime":false}],"x":4,"y":5},
{"id":3,"name":"EV003","note":"","pages":[{"conditions":{"actorId":1,"actorValid":false,"itemId":1,"itemValid":false,"selfSwitchCh":"A","selfSwitchValid":false,"switch1Id":1,"switch1Valid":false,"switch2Id":1,"switch2Valid":false,"variableId":1,"variableValid":false,"variableValue":0},"directionFix":false,"image":{"characterIndex":0,"characterName":"","direction":2,"pattern":0,"tileId":0},"list":[{"code":211,"indent":0,"parameters":[1]},{"code":123,"indent":0,"parameters":["A",0]},{"code":0,"indent":0,"parameters":[]}],"moveFrequency":3,"moveRoute":{"list":[{"code":0,"parameters":[]}],"repeat":true,"skippable":false,"wait":false},"moveSpeed":3,"moveType":0,"priorityType":0,"stepAnime":false,"through":false,"trigger":3,"walkAnime":true},{"conditions":{"actorId":1,"actorValid":false,"itemId":1,"itemValid":false,"selfSwitchCh":"A","selfSwitchValid":true,"switch1Id":1,"switch1Valid":false,"switch2Id":1,"switch2Valid":false,"variableId":1,"variableValid":false,"variableValue":0},"directionFix":false,"image":{"characterIndex":0,"characterName":"","direction":2,"pattern":0,"tileId":0},"list":[{"code":0,"indent":0,"parameters":[]}],"moveFrequency":3,"moveRoute":{"list":[{"code":0,"parameters":[]}],"repeat":true,"skippable":false,"wait":false},"moveSpeed":3,"moveType":0,"priorityType":0,"stepAnime":false,"through":false,"trigger":0,"walkAnime":true}],"x":10,"y":10}
]
}