[
null,
{"id":1,"expanded":true,"name":"开场","order":1,"parentId":0,"scrollX":1139,"scrollY":618.5},
{"id":2,"expanded":false,"name":"9宫格3","order":4,"parentId":0,"scrollX":1139,"scrollY":618.5},
{"id":3,"expanded":false,"name":"9宫格2","order":3,"parentId":0,"scrollX":1139,"scrollY":618.5},
{"id":4,"expanded":false,"name":"9宫格4","order":5,"parentId":0,"scrollX":832,"scrollY":640},
{"id":5,"expanded":true,"name":"9宫格1","order":2,"parentId":0,"scrollX":1139,"scrollY":618.5},
{"id":6,"expanded":false,"name":"9宫格5","order":6,"parentId":0,"scrollX":560,"scrollY":618.5},
{"id":7,"expanded":false,"name":"9宫格6","order":7,"parentId":0,"scrollX":560,"scrollY":618.5},
{"id":8,"expanded":false,"name":"MAP008","order":8,"parentId":0,"scrollX":1139,"scrollY":618.5}
]